connect_coord1,connect_coord2,municip_code_ibge
0.0298383687830123,-0.00183091720382148,4100202
0.0263960033604401,-0.000117520868283211,4100301
-0.0163855952112476,0.0387362038727861,4100459
0.0348561485845967,-0.00608927465223486,4100509
0.0336696800440208,-0.00672312817673054,4100608
0.0369654735501611,-0.00161867466271719,4100707
0.0349309951439309,-0.00674906053987793,4100806
0.0383154663379832,-0.00447907758896594,4100905
0.036292260584486,-0.00394513782944456,4101002
0.0249662511763846,-0.00380783142487638,4101051
0.0349360246679614,-0.00680311993992944,4101101
0.0297637887843129,-0.00247046465001688,4101150
0.0396523902366943,-0.00260077328633296,4101200
0.013492471365193,0.0126987583357055,4101309
0.000155014990218079,0.0183479629825578,4101408
-0.0146235030332185,0.0368553996965719,4101507
-0.00486960260396376,0.033600557604959,4101606
0.0220191885445704,0.00508860419310381,4101655
0.0371460636930523,-0.00403295230786082,4101705
0.039237763289234,-0.00612238719153937,4101853
0.0366907235164321,-0.00606838603699729,4101903
0.0338778556997227,0.000291923097916303,4102000
0.0365081999546532,-0.0136461942926479,4102109
0.0356225115661255,0.00296792542672752,4102208
0.0370744029356241,-0.00117170408172234,4102406
0.0292350914528422,0.000214694472095849,4102505
0.0384665537719017,-0.00462893397449799,4102703
0.031879908360075,-0.00320147817766952,4102752
0.0295408025417501,-0.00782521802738521,4102802
0.0371643049073002,2.39241501801859e-05,4102901
0.0175704520118849,-0.00282284916940015,4103008
0.0373465372266162,-0.00645610326787745,4103024
0.0284089327813005,-0.0041834875520272,4103040
0.0306862517070328,-0.00282816010861028,4103057
0.0318048306322333,-0.00558902688957575,4103156
0.0283150978030339,-0.00935991639009004,4103206
0.0395740782157308,-0.000239532522255278,4103222
0.0207820946756545,-0.00635179492568831,4103305
0.0377815189338268,-0.000178693775410029,4103354
0.0342278345104404,-0.00617911987447132,4103370
0.0374505008869144,-0.00859972915792694,4103404
0.0371672086418997,-0.00177238203923598,4103453
0.0368781392514642,-0.00822108440600758,4103479
0.0374336968981431,-0.013411074125487,4103503
0.0362745607665338,0.001531502394572,4103602
0.0321310336387314,-0.00307216491317798,4103909
0.0352565609644339,-0.00586089137139938,4103958
0.0287017529363945,-0.00311154077846003,4104055
0.0357325808789616,-0.00652142908388296,4104105
-0.0217490735794766,0.0383667081384472,4104303
0.0297640072393249,-0.00276998461470723,4104402
0.0306532046055307,-0.00126117568284258,4104428
0.025573437979773,-0.00323224243495881,4104451
0.0286602859167413,-0.00384647077952205,4104501
0.0300288894886102,-0.00495649741332805,4104600
0.0319971402159863,-0.00558616271662079,4104709
-0.00779529137257605,0.00937597589056259,4104808
-0.0843263218177876,0.0287237262971252,4104907
0.0237411494664127,0.00708117350022042,4105003
0.0318831741188266,-0.00615190462029201,4105102
0.0385168368438741,-0.00326728118862974,4105201
0.0312341676670873,0.000506550641316573,4105300
0.0358359139165931,-0.00733191649400496,4105409
0.0205010065184264,-0.00322107832543915,4105508
0.0192086908200588,0.00510832328275196,4105607
0.0356648991477272,-0.00417928990621472,4105706
0.0165844625069202,-0.0048747013264414,4105904
0.0344309400519771,-0.000382033421462889,4106001
0.0316483650514246,-0.00180326577828283,4106100
0.0329246502738892,-0.00230717845656941,4106308
0.0336293080878618,-0.00661967221792998,4106407
0.0267921707586544,0.00383053031452428,4106456
0.0192315734312612,-0.00368088357673875,4106506
0.0186834186090766,-0.00330807640332379,4106555
0.046538172054438,-0.00586678654390487,4106571
0.02803263578989,-0.003623351263256,4106605
0.0353297451708541,-0.00491521687099841,4106803
0.0162144583596835,-0.00308479205282098,4106852
0.0506613393793214,-0.0171385137842827,4106902
-0.674871832543567,0.657287389317167,4107009
0.0180400843444502,0.0128092734500431,4107108
0.0351079872526592,-0.00132167106560473,4107124
0.032320870229754,0.000908941685076821,4107157
0.0349381485471406,-0.00568622447884101,4107207
0.0123775529992509,0.00692092780112157,4107256
0.0278336042670234,-0.000341700183012531,4107306
0.0367907175785078,0.00295888563001814,4107405
0.0162638635831102,0.0029204670750499,4107504
0.0305932014337805,0.00666512680442807,4107520
0.0312246476657062,0.00024011352403052,4107538
0.0355240902032492,-0.00437816324101549,4107546
0.022724120265298,0.00139988433011318,4107553
0.0353012116582638,-0.00393589243462177,4107603
0.0276481960821968,0.00548213239712474,4107702
0.0962087251774384,-0.061139219153231,4107736
0.0419666992059835,-0.0197373996574395,4107751
0.0223479549678649,0.007885402066611,4107801
0.0317580824624573,0.00545387231495193,4107850
0.0157473706880358,0.00057990021566484,4108007
0.0314589128396278,0.0026105778618414,4108106
0.0373050333239064,0.00481150432643796,4108205
0.0229597248309994,-0.00097820113937962,4108304
-0.00926135539012443,0.00601934443550156,4108320
0.0341369994884785,-0.00958898272614632,4108403
0.021491207596262,0.00184682515792342,4108452
0.0219116073547829,-0.00119743054274262,4108502
0.0122278816559865,-0.00232863151282877,4108551
0.0351576006744154,0.00188088376368851,4108601
0.0260318121303278,0.00169697197959446,4108650
0.0251656406358816,-0.000774276345774184,4108700
0.0297331402307955,0.00573252183812035,4108809
0.0251122044504781,0.00130339079991112,4108908
0.0875568837782192,-0.0574276825514991,4108957
0.0276601258488239,-0.00234635747303,4109005
0.021455601176038,0.00624230744069245,4109104
0.0295769781460879,0.000512873426585425,4109203
0.0391518740429622,0.00247777745417551,4109302
0.0339887941187782,-0.0154501575669862,4109401
0.0559400993425226,-0.0369935570154571,4109500
0.0808243717494512,-0.0540164734109428,4109609
-0.0147003316628924,0.0401377042059538,4109658
0.042631451851925,-0.0306507090942927,4109708
0.0262293803636462,0.00776573307137056,4109757
0.0250106620491531,0.00357858645115208,4109906
0.0330980567279861,-0.00172396393413095,4110052
0.0763806077933013,-0.0482825089326007,4110078
0.0800389375097438,-0.0525537600259151,4110102
0.0345634790958395,-0.0102168884594173,4110201
0.0153284400203626,0.00699081486375218,4110300
0.0289928639968036,0.00328016909788709,4110409
0.0917604679965378,-0.0605839626794372,4110508
0.0191159969646156,0.0111194628043337,4110607
0.0336567086836845,-0.000742420977257498,4110656
0.0804489244476224,-0.0559356224981608,4110706
0.00262063461746128,0.0204979064726114,4110805
0.0305869817765615,0.00216952425718722,4110904
0.0346800956762575,0.00304880540079728,4110953
0.0262739792752741,-0.00045255423403466,4111001
0.0287713998401428,0.00175947209765078,4111209
0.0136635374565424,0.00621799027389919,4111308
0.080527982587402,-0.0540590181869146,4111407
0.0195772973405915,0.00607312479659392,4111506
0.0253123105963904,0.00744967714752435,4111555
0.0267905959997536,-0.000474656864036948,4111605
0.0699673884708612,-0.0347687699691924,4111704
0.0265939882284708,-0.00065979480300561,4111803
0.0244583873902487,0.000495107752585635,4111902
0.0937797917589617,-0.0581269837063701,4112009
0.0208072754135864,0.00383246467082708,4112108
0.0289199395411393,0.00979917751223102,4112207
0.0633243313412384,-0.0343168759811214,4112306
0.0230301392088833,0.00565011937301923,4112405
0.0283068459735655,0.00352642814133699,4112504
0.0294524650822119,0.00532411041778767,4112603
0.0337174836722066,0.00319344925771918,4112751
0.0502312164069511,-0.0217339460312959,4112801
0.0340380133159172,-0.00759998389490689,4112900
0.0304593115358314,0.00224501324632403,4112959
0.0259647253726116,0.00191172134629288,4113007
0.032725221602793,-0.000172031893949841,4113106
0.0974345789483645,-0.0610700746097028,4113205
-0.000920514402810746,0.0280744158013293,4113254
0.0300598656916594,-0.000649827352049028,4113304
0.0216094008841207,0.0013870234857542,4113403
0.026713687894504,0.0014381543399036,4113429
0.0384253731016254,0.00362695157384306,4113452
0.0261566506145474,0.00287351035478974,4113502
0.0252903224822326,0.00117825650250236,4113601
-0.00121760619045217,-0.024049395636046,4113700
-0.0774506844982832,0.0977231807636289,4113734
0.0309767754049832,-0.00239934671144207,4113759
0.0332695439370215,0.000120668353548892,4113809
0.0840391480909084,-0.051850998516406,4113908
0.00855195342940214,0.009637466195441,4114005
0.0337235130653323,-0.0101004015278649,4114203
0.0306824049378795,0.0095152752435309,4114351
0.0188945865952023,0.00350474302751705,4114401
0.0158735925502828,-0.000443794586645289,4114500
0.030955222049322,0.00375545517409477,4114609
0.0324568303613227,-0.0147549770435216,4114906
0.031998213898613,0.00617348776304953,4115101
-0.0695872150569918,-0.0114292693393285,4115200
-0.0784709335450659,0.106050997856672,4115309
0.0138362409553743,0.00600026245569197,4115358
0.0308818680830855,-0.00072790083878954,4115408
0.0171713511441245,0.00425596880428825,4115457
0.0348918249067365,-0.0172562967691641,4115507
0.0328787174677865,0.00533703794523672,4115606
0.0919273578057723,-0.0656817660020112,4115705
0.00296655286851332,0.0245047399784371,4115739
0.0386328744954732,-0.0172694205436246,4115754
0.0266825499859179,0.00839301630089929,4115804
0.0275924349776102,0.00273507261969354,4115853
0.03321287484381,-0.00581148302306215,4115903
0.0335872450790607,-0.0120816055295319,4116000
0.0305592562641843,0.00491849962246975,4116059
0.0331325979178217,-0.00232827304943066,4116109
0.0915749270331019,-0.0644412470680814,4116208
0.0162147247425397,0.00408815505814757,4116307
0.0292038925330588,0.00631438785950821,4116703
0.0349688639863291,-0.0023366561234765,4116802
0.0335400127881112,-0.0104373321275513,4116901
0.0272824410865782,0.0049094924058894,4116950
0.0296003918955289,-0.00779679034575557,4117008
0.0301980143940031,0.00232241848920619,4117057
0.0219200703709715,0.00394552260092754,4117107
0.0265825819470073,0.000290668853115656,4117206
0.0385434987310689,-0.0134974698715808,4117214
0.0274720779383864,0.00582277824934203,4117222
0.0361309652280759,-0.00156483452580592,4117255
0.0268127771980999,-0.00255823513917016,4117271
0.0373489431270458,-0.0179144456075559,4117297
0.04884437899964,-0.0193936885353854,4117305
0.0258091370543049,0.00410479183387175,4117602
0.076453790117265,-0.063184188119963,4117701
0.0119760556632569,0.0146058519379961,4117800
0.0244435325027267,0.00443844466416018,4117909
0.0335952611013552,-0.00636996490194854,4118006
0.0309910821492642,-0.00629342895938401,4118105
0.0840194652794312,-0.0635408117874575,4118204
1.42895399548308e-05,0.0258815448182216,4118303
0.0138877394493525,0.000182306613995862,4118402
0.0192192757328006,0.0154867336118437,4118451
0.0391791849943558,-0.00897782721289323,4118501
0.0971439085945434,-0.0490875724424177,4118600
0.0622884303779256,-0.0486194157171926,4118709
0.00959013081232769,0.00117094516529794,4118808
0.0283866496869523,0.00468815848390641,4118857
0.0254675944206893,0.00374234965727826,4118907
0.0308228546610382,0.00211930422787442,4119004
0.0908501295719773,-0.0637930288064519,4119103
0.0293152689514644,-0.0105446276345227,4119202
0.0240377749789298,0.00771331951917917,4119251
0.0217869319908197,0.00240728434748873,4119301
0.0803462961849234,-0.0627733055537718,4119400
0.0226670730475693,0.00508849124179683,4119608
0.0371250845418154,-0.0171229255265658,4119657
0.0252428586355596,0.00374865044911681,4119707
0.0287750262398632,0.00450198589632196,4119806
0.0485294250205356,-0.0453597767001112,4119905
-0.0831584170165108,0.106440813863906,4120002
0.0984582842956138,-0.0736245168616139,4120101
0.0172559301048444,0.0106942294177581,4120150
0.019320257701559,0.00462668293707313,4120200
0.0385776237625244,-0.0103893811480116,4120309
0.0188393124341511,-0.0125428962668208,4120333
0.0326351485398795,-0.0045270242837678,4120507
0.0607564596760875,-0.0366614361508644,4120606
0.0276487876095787,0.00444523313410294,4120655
0.0563532749189794,-0.0289965070425597,4120705
0.026417766127245,0.00697652907194785,4120853
0.0385109988438188,-0.00419802173371318,4120903
0.020133044491985,0.00652432190077261,4121000
0.0313146038813939,-0.00968203487548667,4121109
0.0967321139960159,-0.0683177234652054,4121208
-0.00595493534505057,0.0359440601647199,4121257
0.0378393397077041,-0.0105290259428833,4121307
0.029979614608194,0.00164475553105528,4121356
0.0290297776245398,0.00477801845445984,4121406
0.0921568561326882,-0.0686706981232227,4121505
0.006473117237146,0.0142806655080327,4121604
0.0569776464888159,-0.0402502838594568,4121703
0.0213011633416397,0.00786778138861112,4121752
0.0268231742939047,-0.00741559052061827,4121802
0.0355668990737604,-0.0109366207792649,4121901
0.0874017333679853,-0.061933270826395,4122008
0.0265183065592207,-0.0128210062109436,4122107
0.0303592356237079,0.00418635156082611,4122156
0.0320623517896801,-0.00994925077430006,4122172
0.0265972113825113,-0.0179386570322583,4122404
0.0254196380482197,0.00866130813717814,4122503
0.0277272590060235,-0.00231363783526744,4122602
0.0401283572602092,-0.0136403677949553,4122651
0.0374638617330185,-0.0196467634359314,4122701
0.0256371447893601,0.007952618719258,4122800
0.0631511537068827,-0.0407006971234486,4122909
0.0242576529937301,0.00624134998499624,4123006
0.0259788096712377,-0.00250533790327137,4123105
0.0371724292964461,-0.0110551392370439,4123204
0.0231705299681182,0.00600519836590156,4123303
0.0329149011046885,-0.0135140543760914,4123402
0.0274755200406746,0.00683936607407942,4123501
0.0340076073514193,-0.00736547336231706,4123600
0.0244668958896219,0.0041176935555132,4123709
0.0259439824049432,0.00475817806378562,4123808
0.0280788395477391,0.0055879344736851,4123824
0.0253004208495625,0.0035495590557661,4123857
0.0286294417017202,-0.00407361352197089,4123907
0.0253502533914321,0.00262810819388088,4123956
0.0799666811586357,-0.0532029749958851,4124004
0.0248381665302586,-0.00609031784119621,4124103
0.0289393938343052,0.00138608913466556,4124202
0.0377608907008806,-0.0119040719365687,4124301
0.0218483707723001,0.00862568056729021,4124400
0.0272876082329053,-0.00520620456927325,4124509
0.0310429916221391,-0.0065262787284686,4124608
0.0396199519226251,-0.0139325013622633,4124707
0.0261941755105868,0.0049166033304102,4124806
0.022462686810008,-0.00361516374788094,4124905
0.0319450237548334,-0.00902590456591542,4125001
0.0976142344078175,-0.0713172916239168,4125100
0.0174008178078161,0.00875213342192791,4125209
0.0280307063994406,-0.00731801036788144,4125308
0.0229952802627617,0.00718333896084875,4125357
0.0897409767381587,-0.0642699715085322,4125407
0.0282964891181125,0.00602870659944663,4125456
0.0330527087793524,-0.00717157821685855,4125555
0.0937396413150618,-0.0678308671389334,4125605
0.0103998423445108,0.0143756797205541,4125704
0.0331750231564899,0.00354304819123706,4125753
0.0358151583733753,-0.0131951557796139,4125803
0.0239174501242015,0.00611973250663288,4125902
0.0340969329507729,-0.0109104606687841,4126009
0.0283407166827486,-0.00373636658871082,4126108
0.0535074113741335,-0.0265510523106573,4126207
0.0244623454901362,0.00628344125775125,4126272
0.0872045344579653,-0.066830088620376,4126306
0.0295301759868021,0.00494564184112624,4126355
0.032699305424935,-0.00536953710569276,4126405
0.0338033973358288,-0.0108355405663587,4126504
0.0651562104351938,-0.0383358528805941,4126603
0.0240306234735652,0.00736107465883219,4126652
0.0349877687807679,-0.0159432776414183,4126678
0.0291717812202932,-0.00461590156606103,4126702
0.0272752378837177,4.76214131848819e-05,4126801
0.024776692429743,0.00294782390040246,4126900
0.0978445638352837,-0.0740669693902244,4127007
0.0692845023031604,-0.0511803066284279,4127106
0.0196151274064339,0.00328072348110137,4127205
0.0248811404666356,0.00249449992557222,4127304
0.0246139229103301,0.00581165115087354,4127403
0.0989853305095883,-0.0739982268357665,4127502
0.0947341792056202,-0.065584896239357,4127601
-0.0559702791229742,0.0483421352229552,4127700
0.0593242626752129,-0.0236657419703339,4127809
0.0304721168683824,0.00341973282267492,4127858
0.0909196507051875,-0.0651882848058095,4127882
0.0259294079470996,0.00100470028601019,4127908
0.0266518360589627,0.00597760798689064,4127957
0.0308821916423228,-0.00242122693120219,4127965
0.0282704184383848,0.00171494117067659,4128005
-0.00237177530577419,0.0140821559499678,4128104
0.0444781628994024,-0.0054825597515529,4128203
0.0149711348836364,-0.00513542173272676,4128302
0.0331053851585754,-0.00794761697397196,4128401
0.0819992046545936,-0.0567360917019525,4128500
0.0915486917045789,-0.0666772957316568,4128534
0.0270531350908394,0.00664222999627011,4128559
0.0254746523729168,0.00576830444675033,4128609
0.0153002638118542,0.0086247098974831,4128625
0.0968401442029886,-0.072297586069319,4128633
0.0240524667706596,0.00576671020525248,4128658
0.0174403419188909,0.00609311265521751,4128807
0.027076872920876,0.00383056254167673,4200051
-0.00621964775186629,0.00790996173519619,4200101
0.0232302445156577,-0.00664443596125248,4200200
-0.0172448211726666,0.0223335592403126,4200408
0.00961288656046123,0.00295363424636889,4200556
0.0214978901999319,-0.00203266508649411,4200705
-0.0201099376938542,0.0247797661965308,4200754
-0.028550457177487,0.00944756252352528,4200804
0.030555298788909,-0.00731173791623799,4200903
-0.023427650725775,0.0291554377861279,4201000
-0.00944711578615598,0.0066514663327137,4201109
0.0314493393329817,-0.0273820889228694,4201257
-0.0382578781546588,0.0511533321740549,4201273
-0.00991513880968518,-0.00594538038115446,4201406
-0.0665923043989206,0.0156097484570486,4201505
-0.0173171287749956,0.0166951474992593,4201604
0.016294829441251,-0.00586901877027492,4201653
0.0612967268584989,-0.0540254348264598,4201703
-0.0299031578219024,0.0455282548557481,4201802
0.0096567266126546,-0.00104205750067059,4201901
0.0392238659279763,-0.0314136004690709,4202057
-0.0243918515633881,0.0445189380228531,4202081
0.0159824095389974,0.00447807713658165,4202099
0.0745406887529834,-0.0570481679024325,4202131
0.00153252204328268,0.0155815113778098,4202156
0.0846481256120027,-0.0628680925668214,4202206
0.048195486681027,0.0026470569617986,4202404
-0.366255189235664,0.379960450861494,4202438
-0.0106152811435637,0.0143140875703121,4202503
-0.0299770973146022,0.0207759564894434,4202537
0.00392528245124922,0.00953170787013418,4202578
0.0413920735352946,-0.0212255815788603,4202602
-0.00295925894681646,0.0107174314390779,4202800
0.0094843915174813,-0.021375495493885,4202859
-0.0115945027728238,0.0221160297815232,4202875
0.0778169298631344,-0.0589371503421264,4202909
-0.17223163157168,0.197501640622944,4203006
-0.00549397981854664,0.00997342610946375,4203105
0.0247029979682352,-0.00554677578162337,4203154
0.00722018108410306,0.00936697238423606,4203253
0.0594848258982763,-0.0849599229148743,4203303
-0.0183624754258677,0.0445387376660766,4203402
-0.0278121396607675,0.015958291232622,4203501
0.0174239355801941,0.00540200748858986,4203600
0.0738980785167658,-0.0786689627668482,4203709
0.051762046636456,-0.0420176295545528,4203808
-0.0026231656114593,0.0268454355051866,4203907
-0.0155161421946566,0.00863549582373141,4204004
-0.0140185283056456,0.00737408327935415,4204103
0.00398404307113364,0.0114574771098304,4204152
-0.00964682396113851,0.0110160472898652,4204178
0.0251157523135886,-0.0342420334534549,4204194
0.101942700663335,-0.0109711489078624,4204202
0.523707035993545,0.0642210721239321,4204301
0.0108598806994414,0.0171548091294081,4204400
-0.0213034025891499,0.00357642840260564,4204459
0.0277486465742819,0.000761865069115704,4204558
0.10198109859232,-0.0515290386141609,4204608
-0.218511251849888,0.0195114712918119,4204707
-0.0241241669009168,0.00290818760796155,4204756
0.0264710410364373,0.00112196555945732,4204806
-0.0301528011898335,0.0144229671826331,4204905
0.0125913441765869,0.00943697252901053,4205001
0.111115605940754,-0.0848910291622486,4205100
0.0823743927798203,-0.0673597670752813,4205159
-0.0784863733850389,0.0482162741906614,4205175
0.0167603739130506,0.0101257476687815,4205209
-0.041246094015469,0.00397102413018965,4205308
-0.0172354278131995,0.00814081218425433,4205357
0.125456768491763,-0.0939264574809691,4205407
-0.123516293693687,0.0505544461050751,4205431
0.0316334589227807,-0.00184718864365372,4205506
0.00688177505650943,0.00553069816021354,4205555
-0.0394099459429982,0.00952105427269637,4205605
0.111202531174687,-0.0892132106800414,4205803
0.0227130768203855,0.0282650738623143,4206108
-0.0226762870405137,0.0204708235630088,4206405
0.00795015317619516,0.0115012104052512,4206603
0.0192654781643531,0.00915420746753674,4206751
0.00365366650693482,0.00946919162526472,4206801
0.108330857391509,-0.0981318060298417,4206900
-0.0013235190720014,0.0403315141292698,4207205
0.0255440221781244,-0.00113542291794242,4207304
0.0561876345708584,-0.044773220617073,4207403
-0.0128601194932026,0.0288579366224668,4207577
-0.020145895820465,0.00901352973527746,4207650
-0.0289188824782005,0.00244898040932418,4207684
-0.0262066684004908,0.00286135061038028,4207700
-0.0254382876922544,0.010713190958807,4207759
-0.00913078321257742,0.00367233717278952,4207809
-0.0374769558913172,0.00723430763767987,4207858
0.0670647209077098,-0.0421103444814191,4207908
-0.0365889336950158,0.00512841465194256,4208005
0.105235623436806,-0.0785985772586898,4208104
0.0875072535015122,-0.0481891831329905,4208203
-0.148584891400291,0.178666014302432,4208302
-0.0416784026458101,0.0622282022426343,4208401
0.120569701199435,-0.0995531099975272,4208450
0.0649620386861353,-0.0323563573209262,4208500
-0.0291957288111831,0.0294022200993114,4208609
0.0323882652130924,0.00855178964660392,4208708
-0.0248594828561459,0.0137471498173278,4208807
0.0958170042689726,-0.099416849839344,4208906
-0.231093016602725,0.225603039399137,4208955
0.0211351820489738,0.0125977927823589,4209003
0.0945919601773999,-0.0902783619268587,4209102
-0.037337169656766,0.0747185771207236,4209151
-0.0523741589527224,0.0347180943865401,4209177
0.00374074611705538,0.0181825033788415,4209201
0.0342159131486741,-0.00156226924619494,4209300
-0.108144876443044,0.0218237983895279,4209458
0.10205837440304,-0.0822167236980856,4209508
0.0199671108054874,0.0205929364917476,4209607
7.68305084509135e-05,-0.00228992817939072,4209706
0.0930069883570507,-0.0783314592917076,4209805
-0.0410592236269949,0.0170992771893589,4209854
0.161606141597453,-0.154072828460768,4210001
-0.00532486400192025,0.0322504852365564,4210050
0.1031319111933,-0.0960543692210453,4210100
0.0895581527054905,-0.0659085154740677,4210209
0.0650818380429464,-0.0493215047694159,4210308
0.0335094589169826,0.0131618331842397,4210407
-0.0687434563126236,0.0204169449459868,4210506
-0.0273742752965819,0.0065681476397321,4210555
0.165465267981636,-0.153902299417308,4210605
0.00335261963496884,0.0236446178666678,4210704
0.0374503521850545,0.00896912869442903,4210803
0.0065779942652965,-0.0223106198638347,4210852
-0.0468254341844659,0.0140248562910359,4210902
-0.0132997633954192,0.0123335607448835,4211009
0.0182948074774508,0.0104887796054529,4211058
0.0697833977096362,-0.0605522775238177,4211108
-0.0463068888411408,0.0126409754002478,4211405
-0.0353272821875621,0.00779236465937419,4211454
0.122213695595908,-0.105569718746698,4211504
-0.0507255973055114,0.0255660671106803,4211652
0.0475746656336238,0.000648797755736544,4211702
0.0195090806771,-0.0104190295782975,4211751
-0.0510979377068285,0.0151693975174897,4211850
-0.0410865665720024,0.00820402337205397,4211876
0.0421900428846351,0.00565644896937568,4211892
-0.0292741279422866,0.0195324675859488,4212007
-0.0291069476838644,0.00827171005634586,4212106
0.0980929241418443,-0.0739642470319211,4212205
-0.00529322025429036,0.0225841348377086,4212239
-0.0105782855829512,0.009803511020076,4212270
0.034335898711797,0.00800739430445487,4212403
-0.0364322457537869,0.0163821655710821,4212601
0.0621968981462927,-0.0375235604566721,4212700
-0.0513294747861754,0.0179144320501575,4212908
0.0162874889352425,0.0169451684332862,4213005
-0.0103921946285331,0.0123053888233902,4213104
-0.0502325271575609,0.014318345703614,4213153
0.164461559806202,-0.153283061980543,4213203
0.00617182997257501,0.0281858843716157,4213302
0.0200430697822841,-0.00593483964360293,4213351
-0.0261807737127995,0.0134302242964019,4213401
0.0614237667192612,-0.0406825038316523,4213708
0.013194025688361,0.0226477863742736,4213807
-0.0848394722749018,0.0218256867242989,4213906
0.111065451379885,-0.100673603377424,4214003
0.103063391152026,-0.0910062932195332,4214102
-0.0123791348219274,0.0291575911830912,4214151
-0.0365978327843323,0.00991257380124954,4214201
0.0850391065659071,-0.0552986429881284,4214300
0.00331508421503427,0.0147068010163574,4214409
0.0785483573593179,-0.0659243131175248,4214508
0.0805843150577016,-0.0664110237752588,4214607
0.140524193038489,-0.133910848535799,4214706
0.0793330592407473,-0.0556884629119577,4214805
0.00301792880644275,0.0415394570297261,4214904
0.0321921315494141,-0.00203394703668717,4215059
-0.0455663190237096,0.0161973879861627,4215075
0.160610612687098,-0.151389556795869,4215109
-0.0375608230926124,0.0354966986893219,4215208
0.0935987231531855,-0.0737353624590891,4215307
-0.0446295214146544,0.0191123196420036,4215356
0.00866839249258451,0.0180496946952371,4215406
0.0289079708274072,0.0122691693749856,4215455
0.0184952828544715,-0.0169749792405637,4215505
-0.0138965196683185,0.0187703393360757,4215554
0.0587468854919398,-0.0190165308540336,4215604
0.0217992913519436,0.0156729019336436,4215653
0.0462018085133638,-0.0839998877588481,4215679
-0.0372737492149425,0.0212213236315849,4215687
-0.0403598868327894,0.0124114988772906,4215695
-0.0301068142908699,0.0129784174491354,4215752
0.12793802541439,-0.116312039649511,4215802
0.0380783952068103,0.0106920458337087,4215901
-0.0588151304532966,0.0205307851938707,4216008
0.0339774128126003,-0.0046376972104267,4216057
-0.0471108652269209,0.0144810972759908,4216107
0.132667332985208,-0.123216768127576,4216206
-0.00975811268327511,0.0245824692962853,4216255
0.115704566278918,-0.0972685702395996,4216305
0.148170696728684,-0.139763066288154,4216354
0.0340864296477879,0.0178742240170662,4216404
-0.0239889729696893,0.0138986931703786,4216503
-0.0440672397897943,0.0254817149948416,4216701
0.0236115964183013,0.00974171999940045,4216800
-0.0557719433569153,0.0207178771276769,4216909
0.0423678312917056,0.00762028623320411,4217006
0.0249768648693773,-0.00046845063642288,4217105
-0.0445313896346887,0.02024764830507,4217154
-0.0187613606627187,0.0275584034823221,4217204
-0.0394827216018655,0.0163818688803046,4217303
-0.0405372455752639,0.0126031197939985,4217501
-0.0358603647268371,0.0141918936364276,4217550
0.0444071406973302,0.0118983520785599,4217709
-0.101316312071345,0.0195559559717074,4217758
0.0689015045254151,-0.0474160769231387,4217808
-0.00144365976649155,0.0211881650597822,4217907
-0.0406715339011164,0.0123661892194314,4217956
0.105593096497119,-0.0906783942125482,4218004
0.0323283634522865,0.0162262416339342,4218103
0.104409967269372,-0.14650246093789,4218202
0.0408130671156815,-0.0163603877707419,4218251
0.0307794065453537,0.0118619546700123,4218400
-0.0219362326490698,0.0266580008116134,4218509
0.0687783560534885,-0.0566089122551971,4218608
0.0734023058612216,-0.0234390336460938,4218707
-0.0564554727459128,0.0480650571500104,4218756
0.0439848803076025,0.010602630280879,4218806
-0.0944732329667259,0.0212899956375437,4218855
0.0488312572498565,-0.00649344731068229,4218905
0.029466350490401,0.00459993545912659,4218954
-0.0514256637827882,0.0147734398909496,4219101
0.00678637172359352,0.0155316779295,4219150
-0.0221746130030868,0.0173947482091018,4219176
0.101489186182211,-0.0901536356194871,4219200
-0.00193426563054486,0.0275251944309833,4219309
0.107527665208135,-0.0993075437652717,4219358
0.106279620404265,-0.0940218319098022,4219408
-0.0489705677340985,0.0242363649984223,4219507
-0.0398082927989743,0.0169235468311134,4219606
-0.0478381748245622,0.0174617440009042,4219705
0.00531857645847579,0.0199574060900879,4300059
-0.0339697605748039,0.0371216264829667,4300109
-0.0168003040456289,0.0332061325301762,4300208
0.00639528902519428,0.0179926434762158,4300307
0.0152371874846457,0.0184865738484669,4300406
0.0180134908970978,0.0138572389436201,4300455
0.00597791963548054,0.0170317485518185,4300471
-0.0515286670152121,0.0317903195985152,4300505
0.00975887626545066,0.0186555632188369,4300554
-0.0111200157808896,0.0268337398975326,4300570
-0.139449394317397,0.00422517361123602,4300638
-0.087537676227166,0.0190467018606589,4300646
0.0189468966837356,0.0197196482983144,4300661
-0.0814074713903817,0.0196567928476304,4300703
-0.109256858511,0.00228809276701071,4300802
-0.103647249674137,0.0111624485036463,4300851
-0.101661377369654,0.0165966627894209,4300901
0.023839391387913,0.0229180707739009,4301057
-0.0608308620054374,0.0247683017904361,4301107
-0.0799177775449017,0.0200804302589703,4301206
-0.0233112656457851,0.0264949795903998,4301305
0.000720249621909411,0.0154022419391368,4301404
-0.0902169585299383,0.018852241597857,4301503
-0.00927477135338018,0.01366360960864,4301552
-0.00210724099770001,0.0445106048383373,4301602
0.0102374980159102,0.0161002109411673,4301651
-0.187785624862211,-0.0198667258698294,4301701
0.00245474266155523,0.0322764219796285,4301750
-0.0667273242492045,0.0217466510433554,4301800
-0.0161576600186785,0.0179180121722548,4301875
0.0218461880962311,0.0130195595893534,4301909
-0.117865178301036,0.0163272066589009,4301925
-0.0138110745509696,0.0229037738459273,4301958
0.00390987437127268,0.0328796835389077,4302006
-0.107215694184868,0.0125272824595093,4302055
0.157649517527153,-0.00957702987754476,4302105
-0.439699709554509,-0.759741741101921,4302154
0.00850552049957487,0.0182617700588623,4302204
0.00970676398390371,0.0138024540898709,4302220
-0.000380056655392847,0.0156474973232318,4302238
0.0411749488689019,0.0952306411362101,4302253
-0.107734191072556,-0.0184185938519531,4302303
-0.017938187766,0.0942396068904546,4302352
-0.144793463664524,-0.0261023840229586,4302378
0.0179160165188138,0.02645520465884,4302451
-0.0954853824790632,0.00272817086381001,4302501
0.00692645259219212,0.00988406839028166,4302584
-0.000749744350919319,0.0125482400028869,4302600
0.0537914028259653,0.0842732222401896,4302659
-0.131355622043573,-0.0188027206258726,4302709
-0.0885440298750786,0.0126380126652902,4302808
-0.0155589782571002,0.0212532533967661,4302907
0.00475774718522105,0.0156868446064446,4303004
-0.0389468341978883,0.0197252009646569,4303202
-0.0216310990227289,0.0200377996501646,4303301
-0.0184076804344908,0.0121252088890057,4303400
0.0168364855861946,0.0108203725329718,4303509
-0.0543842380546598,0.0321425334608691,4303558
-0.0349788852402271,0.0252626035317731,4303608
-0.0462137118383268,0.0675423755982413,4303673
-0.0895954792995783,0.0194336681299911,4303707
-0.0219285407203686,0.0101290867566342,4303806
-0.00723302016149677,0.0286554285872039,4304002
0.00470963075804493,0.0121253474526357,4304101
-0.0155514985021064,0.0194354503574284,4304200
-0.0546326836807663,0.0157896070526441,4304309
0.0476024800787513,0.0400737461345067,4304408
-0.13372071178407,-0.035507905876584,4304507
-0.0106043330772805,0.0557814103231711,4304614
-0.0852927848224566,-0.0129494276833098,4304630
-0.0942265892587605,0.0042964063260571,4304655
0.00426761506390378,0.0141322755499785,4304671
-0.0488645092638072,0.0876841086998289,4304697
-0.114359370129218,-0.017960733345334,4304705
0.00795416963256744,0.0350474170029642,4304713
-0.10975500430633,0.0147567649693032,4304853
0.0137707665273992,0.0662891528438544,4304903
-0.0690788173562773,0.0199706274027843,4304952
-0.0526995867118356,0.0232265460334445,4305009
0.318792348841891,-0.0358865340082504,4305108
-0.38339185756395,-0.720173043986718,4305116
-0.0161227302911128,0.0220465352101637,4305132
-0.0745606858379285,0.0126951416845707,4305157
0.0118011908197794,0.0221723300735975,4305173
-0.0702125802984369,0.0115989313456432,4305207
0.00332101890695005,0.00849362815519405,4305306
0.0359780754209292,0.0387928742894305,4305355
-0.102681679532412,-0.0296960578547385,4305371
-0.0303032060690173,0.0244804911918787,4305405
-0.00235638010827423,0.00575021984658045,4305439
0.00842987889700575,0.00259877648825221,4305447
-0.0510701964005721,0.0304864109247732,4305454
-0.0556112091456552,0.0523068910255919,4305504
0.0236394204753033,0.14492382021238,4305587
-0.111297497646772,-0.0204919480728527,4305603
-0.0236471969196347,0.0210962748514045,4305702
-0.0406427999275594,0.00157522618551519,4305801
0.0556153952308444,0.114400703657746,4305835
-0.107305971829033,-0.0143054376725329,4305850
-0.0242019782093723,0.0256024356784262,4305871
-0.00420957589941624,0.00736574718885865,4305900
0.0780222836310045,0.14631445210104,4305934
-0.0270872042247908,0.12290119452218,4305959
-0.0931303871521743,-0.00888046040916759,4305975
-0.030238514237504,0.026508320391033,4306007
0.00858160925832644,0.00526464880831772,4306056
-0.09908782321692,0.00750194870125644,4306072
0.00298723773291486,0.00276859941846542,4306106
-0.0557706403299349,0.00457101390007358,4306130
0.0250852111669864,0.0782301807119083,4306304
-0.0588686200123277,0.0143441651286856,4306320
-0.00156840113605099,0.00487300721082058,4306353
0.00407537317595208,0.00461624663950939,4306379
-0.0186079390381594,0.0179990024995866,4306429
0.071423821507656,0.135473101737557,4306452
-0.0871139750015104,-0.00860939480594116,4306502
-0.0252097756086414,0.0313333467209913,4306551
-0.0662101652358416,0.0117219505488347,4306601
-0.00205406604854694,0.00334339532212706,4306700
-0.0202822581573295,0.022633410067736,4306734
0.0733344527851811,0.123163851623371,4306759
-0.0157890588788075,0.108905919540248,4306809
-0.118126832679683,-0.043779313267715,4306908
-0.090499265695867,0.00277743006895579,4306924
-0.0561491074451071,0.00961270217105945,4306957
-0.0278556550586649,0.012061984542982,4306973
-0.010396060898455,-0.012535830638661,4307005
0.0562168097435422,0.0552962970160595,4307054
-0.0347543536382092,0.0266561797740629,4307104
-0.0613916069014967,-0.0063877581362926,4307203
-0.0207459527080797,0.00656157592906818,4307302
0.0208730833823401,0.0399502088927525,4307401
-0.0381823000677241,0.00816308423649469,4307450
0.00295963337092407,0.00764722323161299,4307500
-0.0365810999596732,0.0188991655520093,4307815
-0.0253030712171575,0.0177498125597922,4307831
0.0743822732736142,0.142573336054119,4307864
-0.0822208375750831,-0.00669957614620256,4308003
-0.0678848798259314,0.0128988474945941,4308052
0.0845396899248519,0.153066757351012,4308102
-0.0226502719258923,0.121121219106914,4308201
-0.0985430988252451,-0.0148173935768808,4308250
-0.00123166430038688,0.0591326564670907,4308300
-0.0783931282749722,0.00795967178643771,4308409
-0.0170531887036739,0.0217890546731951,4308458
-0.0513279579883965,0.00841256290464955,4308508
0.00904579088619376,0.0130482529477104,4308656
-0.0223463197800703,-0.00934598808471921,4308706
0.0274620204325912,0.0822222463275508,4308805
-0.085562648244036,0.0247684202812034,4308854
-0.0594099514680172,0.0143651460946173,4308904
-0.0283108373705532,0.0263665162327876,4309001
-0.0438085828050892,0.00150334757132871,4309126
0.00667703570616388,0.0216204317799641,4309159
-0.0133417272271247,0.10903505660885,4309258
0.0137455404084126,0.112120740860684,4309407
-0.0937470316802538,-0.022871568939488,4309506
0.0879496064369491,0.147107235135777,4309555
-0.106576615190435,-0.0166159264014535,4309571
-0.0730325649783377,9.17176365339282e-05,4309605
0.00310318334429754,0.00686917966651633,4309704
0.00190114980000653,0.00603457851588445,4309753
-0.0135245182659656,0.0403183305543858,4309803
0.00116480143656743,0.0839158394245369,4309902
-0.0436775741888664,0.0252077786078586,4309951
-0.0428129546274832,0.0245719385678086,4310009
-0.0343647067069697,0.00514782423644796,4310207
0.0580492756823567,0.102622495111869,4310306
-0.00122480115502899,0.143954163904368,4310363
-0.110680265739888,-0.0182887630639657,4310405
-0.00433608927662943,0.00457244769471179,4310413
-0.0224469285690059,0.00117106076715666,4310462
-0.0683970165508537,0.0212449923541826,4310504
-0.00388812927265874,0.00750269520712572,4310553
0.0383414301927144,0.0585179694754585,4310579
-0.0690475400807362,0.0193242779279097,4310603
0.0508384380870057,0.0430279566809577,4310652
-0.131671282790441,-0.000848699169017218,4310702
-0.0088642414829512,0.0108727394116973,4310751
-0.0419939321494122,0.0160507727734052,4310850
0.00409297132403883,0.0164052138275148,4310876
-0.0650738612507804,0.00361520474691328,4310900
-0.0188137181228771,0.0243630104180335,4311007
-0.00881980100157141,0.00438090875086468,4311106
0.0440834008520572,0.0688470355849524,4311122
-0.0684827900442912,0.0133559914417271,4311130
-0.0089649173111576,0.0155676284454532,4311155
-0.00512012596721796,0.010272127597226,4311205
-0.0107666312344702,0.0203511945833573,4311239
-0.0326091319374077,0.0206074407364836,4311254
-0.0510824427355964,0.0100827328989078,4311270
0.000418642860563355,0.0616576595973889,4311304
0.229213212900932,0.0412950039190171,4311403
-0.323531328977354,-0.452792789572393,4311429
-0.00783540462972014,0.00699889348867926,4311502
-0.0522508010014421,-0.00220307497740612,4311601
0.0888283137379878,0.161658367564106,4311643
-0.0944680846380009,0.00123026579641711,4311700
-0.0219548594849335,0.00545046234829067,4311718
0.00323514823862057,-0.00056392468016293,4311759
0.0384160835592495,0.038727996283205,4311775
0.02280477577749,0.187235420122308,4311791
-0.0723003349013479,-0.00781990805324742,4311809
-0.082847037975745,0.00400035069233187,4311908
0.00727923073560278,0.0365229153261695,4311981
-0.119291104660937,-0.000733880227137838,4312005
0.0720308871548976,0.141031988057087,4312054
-0.088373136469967,-0.0117863846060156,4312104
0.00203683271171588,0.0277800797124926,4312138
-0.0452782664405569,0.0205235027019668,4312179
-0.00892781187701423,0.00073388615109167,4312203
0.0197097400357133,0.0589445292526718,4312252
-0.0862251481595097,0.0026465824936504,4312302
0.0463137589599051,0.0840487287316141,4312351
-0.0153785394593935,0.0939341919535022,4312377
0.0605134119645082,0.143597477729539,4312401
-0.123557839380776,-0.0719271513762731,4312427
4.97787150420421e-05,0.0461535448191072,4312443
-0.0702593680748791,0.00844857865415678,4312450
-0.0285539372617513,0.00653468494042648,4312500
0.0395557396460044,0.186924477827153,4312609
-0.0450094691078427,0.0610673457209661,4312617
-0.0271082554144422,0.0524737367948146,4312625
-0.049673212935411,0.0132117749031753,4312658
-0.023759553560933,0.031773732140518,4312674
-0.0964690417669622,0.0121481094821355,4312708
0.0364065667580108,0.0692089788020016,4312757
0.0062912156738787,0.134277773689415,4312807
0.0109171518670607,0.127731774803094,4312906
-0.0840085510645001,-0.00657263860983057,4312955
0.081547556022603,0.173375430262775,4313003
-0.0855651586383565,-0.00847511756512663,4313011
-0.00611467054224908,0.00206142571623137,4313037
0.0846641700501915,0.162909958152809,4313086
-0.0767726521393188,0.0019442339660174,4313102
0.0705331767994964,0.159836663522419,4313201
-0.00366885399415637,0.13164758224658,4313300
-0.0832869128937741,-0.018463382551613,4313334
0.0854715803372427,0.16466927317996,4313359
-0.0717332868300559,0.00503503568378453,4313391
-0.0482012872120701,0.0128514312481034,4313425
-0.0396610658243925,-0.00755295372079414,4313441
-0.0388930143055062,-0.00370977637802222,4313466
-0.0289059092917371,0.00445511790659638,4313490
-0.0145638636648541,0.0111839779364639,4313607
-0.0170556396502143,0.02114268198381,4313656
-0.0867002149100932,0.000384214016454834,4313706
-0.028099563019494,0.00475610774099957,4313805
-0.00454051976304988,-0.00685004038144667,4313904
-0.00426837374849718,0.0183142705237206,4313953
-0.00891061562203403,0.102704804611615,4314001
-0.0619870906075756,0.00773575768097097,4314027
0.0711304040129753,0.188466841296748,4314035
-0.082770053063427,0.00540297963894912,4314068
-0.00484827559688975,0.0827424317901182,4314076
0.0964942025021868,-0.174976067293799,4314100
-0.0663034012305597,-0.050314630388505,4314134
-0.0174710925133804,0.00415219676114485,4314175
-0.0127439600697217,0.00246215301750417,4314209
-0.024320358942396,-0.00330765793117943,4314308
0.0465258773206338,0.00203798457626667,4314407
-0.0960478320447256,0.00418819284964211,4314456
0.00344067097942818,0.0226245376956169,4314464
-0.031974915119357,0.00278931319721877,4314472
-0.042583555818132,0.0196843019572365,4314498
-0.00377074271635332,0.00219853894954323,4314506
-0.018366178981864,0.00316712768913293,4314555
0.0090498801481463,0.000400909374041112,4314605
-0.071261315583698,-0.00486584191520785,4314704
0.109001643012708,0.190958240584038,4314753
-0.0988450989837293,-0.00889512593063846,4314779
-0.0600038049372662,-0.00383358329519278,4314787
0.84994560652233,-0.118410198571323,4314902
-0.25231013512062,-0.419699777449352,4315008
-0.0195550839758947,-0.00357246089607532,4315057
-0.0201354236563995,-0.0038375183190209,4315073
-0.0212005800314085,-0.00505852104273679,4315107
0.0728996641173337,0.142991546722679,4315131
0.045248965084394,0.106573926501098,4315156
0.0641329365056429,0.155495180703335,4315172
0.0755845791082227,0.145133266172791,4315206
-0.032610395040589,-0.0164641354394235,4315305
-0.0430236102171325,0.00138028967570556,4315313
-0.0171810034368881,0.0024912313410398,4315321
-0.0101503359272377,0.0230705815248971,4315354
-0.02824219833372,-0.00691145073618766,4315404
0.0960302671379559,0.176851807994251,4315453
-0.0210035749400115,-0.00219194709935383,4315503
-0.0721961188056396,0.00540746631491092,4315552
0.000836477668902858,0.0158130509424822,4315602
0.0195427570733653,0.056884128033216,4315701
0.0244173694785432,0.0785267826619863,4315750
0.0984133890612797,0.204386129357467,4315800
-0.0763026604454768,-0.0312426077621886,4315909
-0.019265565271979,-0.00277077779553007,4315958
0.0416699674866491,0.0900631886082114,4316006
-0.0676699946813783,-0.00577725508018734,4316105
-0.0398225420711591,-0.00104300492288775,4316204
-0.0211805692351658,-0.00681885115669892,4316303
-0.0204064140334512,-0.00288762130061833,4316402
-0.0462582709886088,-0.00656549968947812,4316428
-0.00943305399460071,0.00688557602498339,4316436
-0.0106453662072662,0.0072497860169665,4316451
0.128405378676987,0.227169240362458,4316501
-0.0180292665359956,0.000838488394737663,4316600
-0.0135432729607653,0.001882770465346,4316709
0.0102202480576155,0.0394492822223162,4316733
0.143409021834629,0.0439167893264194,4316808
0.00747885023366256,-0.146954101564914,4316907
0.102019358502997,0.18012166790277,4316956
-0.0285011134133747,0.00557472436815941,4317004
-0.0225009270106461,-0.00583080329706811,4317103
-0.0191838168490722,-0.0155029479628385,4317202
0.128007888759158,0.231893970202064,4317251
-0.0268291511950077,-0.0110507796908209,4317301
-0.0246528671130327,-0.0108468713624574,4317400
-0.042265983321614,-0.0337300094287412,4317509
0.0425934805351622,0.0851493304533351,4317558
0.0325232582295121,0.0671204327443678,4317608
-0.0419355926085095,-0.00688624317277773,4317707
-0.00488244011238724,0.0136554716999135,4317756
-0.0245761911298412,-0.00979757376727926,4317806
-0.0279062587504133,-0.0191870135165917,4317905
-0.000495524804613156,0.0274808832232812,4317954
-0.0238069628532243,-0.00779215106284564,4318002
0.0489724167188503,0.103375642421384,4318051
-0.0247524957454901,-0.00939499945328642,4318101
0.0520705838209727,0.104282053749321,4318200
-0.0376632967309116,-0.0108781491612992,4318309
-0.00995310223667122,0.011156270022769,4318424
-0.022060927187634,-0.0129990018987093,4318432
0.0504572200948009,0.110988769300577,4318440
-0.039816138087825,-0.00529425568795319,4318457
0.0605545349824458,0.129065635085273,4318465
-0.0251721252958515,-0.0110962738002043,4318499
-0.000842500025789505,0.0159606096365923,4318507
-0.00563310197128636,0.01836993668676,4318606
0.120445840777356,0.216969571427617,4318614
0.0181570568586558,0.0298140809154327,4318622
0.00925990734217091,0.0236893162962247,4318804
-0.0231508583373349,-0.0096068289503946,4318903
0.0838623003784761,0.165221294257818,4319000
-0.0296912454297126,-0.00675786334494462,4319109
-0.0260958949793224,-0.0154849565625551,4319125
-0.0225561284845566,-0.00645806693922831,4319158
-0.0235975718442783,-0.0075648031769262,4319208
-0.0242405991424322,-0.0112150832408221,4319307
-0.0358546001889087,-0.00478554640569143,4319364
-0.0241559453438814,-0.011454175608596,4319372
-0.0274134794971579,-0.0169258693002541,4319406
-0.0234008296832454,-0.0113522680078717,4319604
-0.0736619777255,-0.00598683892437751,4319703
0.109096206269167,0.209798488679113,4319711
-0.0264452061667205,-0.0128190442682257,4319737
0.115031616280047,0.210692277874475,4319752
-0.0380210502807636,-0.0164146571663464,4319802
-0.0288201203881943,-0.00620545953942221,4320107
-0.0460257049195572,-0.00785624397769599,4320206
-0.021174719078702,-0.00536332898294546,4320230
-0.00650482640778669,0.0199012924486469,4320263
-0.00737015749837874,0.0103021588808745,4320305
-0.0306636483616474,-0.0237905537666431,4320321
0.011371672918781,0.0405164502609773,4320354
0.0731776573993586,0.126357856085998,4320404
0.062106347119817,0.144112960903361,4320453
-0.0226787430742605,-0.000252341339305004,4320503
0.0166498622329838,0.0468655727428879,4320552
-0.0295808727732113,-0.0213778473243397,4320578
-0.0569426431394729,-0.00929078315645744,4320602
-0.0235336582530392,-0.0153763053140732,4320651
0.0252046701163899,0.0788803107416656,4320677
-0.0127550102109642,0.00303777689573959,4320701
0.020858778297183,0.0450621809823937,4320800
0.105362178296882,0.205725333055349,4320859
-0.00956169513824748,0.00211179167955046,4320909
-0.00427822340435509,0.0126236940629909,4321006
0.00768426249989281,0.038120696698057,4321105
0.176462411063332,0.0194020185254082,4321204
0.0837474938792668,0.166450386650552,4321303
-0.0520253762334733,-0.019582264745092,4321329
-0.00220992653662584,0.0291025052808648,4321352
-0.0284094062862791,-0.00510902917849245,4321402
0.1552507406359,0.21288548305314,4321451
-0.00685995952461029,0.00974856146459413,4321469
-0.0229558471685412,-0.00505382738387958,4321477
-0.0272865027586702,-0.016455741891551,4321493
0.0536519990446105,0.0388626568807733,4321501
0.0540670581868621,0.00522699321544641,4321600
0.0915514946111759,0.186631842612669,4321626
-0.0622051121522692,-0.0147616016291944,4321634
0.0336103263351444,0.043943694075472,4321667
-0.0283322846600556,-0.0201420939928769,4321808
0.0364126186821322,0.0539920716479042,4321832
-0.0611776012819738,-0.00707027007901152,4321857
-0.027624145328909,-0.0132796201807648,4321907
-0.0645560540604825,-0.0102654524299481,4321956
-0.0288164982011072,-0.0185718132612403,4322103
-0.00667212016226046,0.0196396741870411,4322152
-0.00289433845850058,0.0280959490776127,4322186
-0.0254539849093616,-0.0126176438333294,4322202
0.117584312571039,0.20633708739262,4322251
-0.0298378005745306,-0.0214083686039313,4322301
-0.000549910598332101,0.0146963014095964,4322327
-0.0300769800855449,-0.0217273379196503,4322343
0.0669750906279881,0.133461968879427,4322350
-0.0230637173812276,-0.00558333328589476,4322376
-0.0241784393951831,-0.0100054691649953,4322400
0.0372545589841632,0.0620223627641683,4322509
0.0543854436860633,0.133907736023019,4322525
0.00682378337233352,0.0499766959915455,4322533
0.0422010801923108,0.0936876802248938,4322558
0.102005306033434,0.144801797538525,4322608
0.10867144410028,0.186411597022505,4322806
0.105112441404761,0.200208702668106,4322855
-0.0383324683278653,-0.00488297781789785,4322905
-0.0574415465079327,-0.00268741562458376,4323101
-0.00304465782856857,0.0161876913498258,4323200
-0.0016207055320847,0.0225691897261944,4323358
0.0283910309471884,0.0632585923119761,4323408
-0.0268936003836378,-0.014910312009367,4323457
0.0883103169291378,0.173480579968256,4323606
-0.0338574487091053,-0.00450443323423477,4323705
-0.0260142802099455,-0.013371326585942,4323754
-0.0196175431835171,-0.019208140290043,4100103
